<?xml version="1.0" encoding="UTF-8"?>
<project-private xmlns="http://www.netbeans.org/ns/project-private/1">
    <editor-bookmarks xmlns="http://www.netbeans.org/ns/editor-bookmarks/2" lastBookmarkId="0"/>
    <open-files xmlns="http://www.netbeans.org/ns/projectui-open-files/2">
        <group>
            <file>file:/C:/Users/vip/Desktop/fx1/src/fx1/Fx1.java</file>
            <file>file:/C:/Users/vip/Desktop/fx1/src/fx1/Fx3sController.java</file>
            <file>file:/C:/Users/vip/Desktop/fx1/src/fx1/Fx55Controller.java</file>
            <file>file:/C:/Users/vip/Desktop/fx1/src/fx1/Fx1Controller.java</file>
            <file>file:/C:/Users/vip/Desktop/fx1/src/fx1/Fx2sController.java</file>
            <file>file:/C:/Users/vip/Desktop/fx1/src/fx1/Fx21Controller.java</file>
            <file>file:/C:/Users/vip/Desktop/fx1/src/fx1/Fx6Controller.java</file>
            <file>file:/C:/Users/vip/Desktop/fx1/src/fx1/Fx2Controller.java</file>
            <file>file:/C:/Users/vip/Desktop/fx1/src/fx1/Fx4Controller.java</file>
        </group>
    </open-files>
</project-private>
